--
-- PostgreSQL database dump
--

-- Dumped from database version 18.2
-- Dumped by pg_dump version 18.2

-- Started on 2026-03-09 20:58:18

SET statement_timeout = 0;
SET lock_timeout = 0;
SET idle_in_transaction_session_timeout = 0;
SET client_encoding = 'UTF8';
SET standard_conforming_strings = on;
SELECT pg_catalog.set_config('search_path', '', false);
SET check_function_bodies = false;
SET xmloption = content;
SET client_min_messages = warning;
SET row_security = off;

SET default_tablespace = '';

SET default_table_access_method = heap;

--
-- TOC entry 229 (class 1259 OID 16550)
-- Name: address_catalog; Type: TABLE; Schema: public; Owner: -
--

CREATE TABLE public.address_catalog (
    id bigint NOT NULL,
    full_address character varying CONSTRAINT address_catalog_address_not_null NOT NULL
);


--
-- TOC entry 228 (class 1259 OID 16549)
-- Name: address_catalog_id_seq; Type: SEQUENCE; Schema: public; Owner: -
--

ALTER TABLE public.address_catalog ALTER COLUMN id ADD GENERATED ALWAYS AS IDENTITY (
    SEQUENCE NAME public.address_catalog_id_seq
    START WITH 1
    INCREMENT BY 1
    MINVALUE 0
    NO MAXVALUE
    CACHE 1
);


--
-- TOC entry 227 (class 1259 OID 16540)
-- Name: category_catalog; Type: TABLE; Schema: public; Owner: -
--

CREATE TABLE public.category_catalog (
    id bigint NOT NULL,
    name character varying CONSTRAINT category_catalog_category_not_null NOT NULL
);


--
-- TOC entry 226 (class 1259 OID 16539)
-- Name: category_catalog_id_seq; Type: SEQUENCE; Schema: public; Owner: -
--

ALTER TABLE public.category_catalog ALTER COLUMN id ADD GENERATED ALWAYS AS IDENTITY (
    SEQUENCE NAME public.category_catalog_id_seq
    START WITH 1
    INCREMENT BY 1
    MINVALUE 0
    NO MAXVALUE
    CACHE 1
);


--
-- TOC entry 225 (class 1259 OID 16530)
-- Name: manufacturer_catalog; Type: TABLE; Schema: public; Owner: -
--

CREATE TABLE public.manufacturer_catalog (
    id bigint NOT NULL,
    name character varying CONSTRAINT manufacturer_catalog_manufacturer_not_null NOT NULL
);


--
-- TOC entry 224 (class 1259 OID 16529)
-- Name: manufacturer_catalog_id_seq; Type: SEQUENCE; Schema: public; Owner: -
--

ALTER TABLE public.manufacturer_catalog ALTER COLUMN id ADD GENERATED ALWAYS AS IDENTITY (
    SEQUENCE NAME public.manufacturer_catalog_id_seq
    START WITH 1
    INCREMENT BY 1
    MINVALUE 0
    NO MAXVALUE
    CACHE 1
);


--
-- TOC entry 233 (class 1259 OID 16587)
-- Name: order; Type: TABLE; Schema: public; Owner: -
--

CREATE TABLE public."order" (
    id bigint NOT NULL,
    order_date timestamp without time zone NOT NULL,
    delivery_date timestamp without time zone NOT NULL,
    address_id bigint NOT NULL,
    user_id bigint NOT NULL,
    receive_code integer NOT NULL,
    status_id bigint NOT NULL
);


--
-- TOC entry 239 (class 1259 OID 16636)
-- Name: order_id_seq; Type: SEQUENCE; Schema: public; Owner: -
--

ALTER TABLE public."order" ALTER COLUMN id ADD GENERATED BY DEFAULT AS IDENTITY (
    SEQUENCE NAME public.order_id_seq
    START WITH 1
    INCREMENT BY 1
    MINVALUE 0
    NO MAXVALUE
    CACHE 1
);


--
-- TOC entry 232 (class 1259 OID 16573)
-- Name: order_product; Type: TABLE; Schema: public; Owner: -
--

CREATE TABLE public.order_product (
    id bigint NOT NULL,
    order_id bigint NOT NULL,
    product_article character varying NOT NULL,
    amount integer NOT NULL
);


--
-- TOC entry 238 (class 1259 OID 16635)
-- Name: order_product_id_seq; Type: SEQUENCE; Schema: public; Owner: -
--

ALTER TABLE public.order_product ALTER COLUMN id ADD GENERATED ALWAYS AS IDENTITY (
    SEQUENCE NAME public.order_product_id_seq
    START WITH 1
    INCREMENT BY 1
    MINVALUE 0
    NO MAXVALUE
    CACHE 1
);


--
-- TOC entry 219 (class 1259 OID 16492)
-- Name: product; Type: TABLE; Schema: public; Owner: -
--

CREATE TABLE public.product (
    article character varying NOT NULL,
    name character varying,
    unit_id bigint,
    price double precision,
    provider_id bigint,
    manufacturer_id bigint,
    category_id bigint,
    discount double precision,
    amount double precision,
    description character varying
);


--
-- TOC entry 223 (class 1259 OID 16520)
-- Name: provider_catalog; Type: TABLE; Schema: public; Owner: -
--

CREATE TABLE public.provider_catalog (
    id bigint NOT NULL,
    name character varying CONSTRAINT provider_catalog_provider_not_null NOT NULL
);


--
-- TOC entry 222 (class 1259 OID 16519)
-- Name: provider_catalog_id_seq; Type: SEQUENCE; Schema: public; Owner: -
--

ALTER TABLE public.provider_catalog ALTER COLUMN id ADD GENERATED ALWAYS AS IDENTITY (
    SEQUENCE NAME public.provider_catalog_id_seq
    START WITH 1
    INCREMENT BY 1
    MINVALUE 0
    NO MAXVALUE
    CACHE 1
);


--
-- TOC entry 237 (class 1259 OID 16610)
-- Name: role_catalog; Type: TABLE; Schema: public; Owner: -
--

CREATE TABLE public.role_catalog (
    id bigint NOT NULL,
    name character varying NOT NULL
);


--
-- TOC entry 236 (class 1259 OID 16609)
-- Name: role_catalog_id_seq; Type: SEQUENCE; Schema: public; Owner: -
--

ALTER TABLE public.role_catalog ALTER COLUMN id ADD GENERATED ALWAYS AS IDENTITY (
    SEQUENCE NAME public.role_catalog_id_seq
    START WITH 1
    INCREMENT BY 1
    MINVALUE 0
    NO MAXVALUE
    CACHE 1
);


--
-- TOC entry 235 (class 1259 OID 16600)
-- Name: status_catalog; Type: TABLE; Schema: public; Owner: -
--

CREATE TABLE public.status_catalog (
    id bigint NOT NULL,
    name character varying NOT NULL
);


--
-- TOC entry 234 (class 1259 OID 16599)
-- Name: status_catalog_id_seq; Type: SEQUENCE; Schema: public; Owner: -
--

ALTER TABLE public.status_catalog ALTER COLUMN id ADD GENERATED ALWAYS AS IDENTITY (
    SEQUENCE NAME public.status_catalog_id_seq
    START WITH 1
    INCREMENT BY 1
    MINVALUE 0
    NO MAXVALUE
    CACHE 1
);


--
-- TOC entry 221 (class 1259 OID 16510)
-- Name: unit_catalog; Type: TABLE; Schema: public; Owner: -
--

CREATE TABLE public.unit_catalog (
    id bigint NOT NULL,
    name character varying CONSTRAINT unit_catalog_unit_not_null NOT NULL
);


--
-- TOC entry 220 (class 1259 OID 16509)
-- Name: unit_catalog_id_seq; Type: SEQUENCE; Schema: public; Owner: -
--

ALTER TABLE public.unit_catalog ALTER COLUMN id ADD GENERATED ALWAYS AS IDENTITY (
    SEQUENCE NAME public.unit_catalog_id_seq
    START WITH 1
    INCREMENT BY 1
    MINVALUE 0
    NO MAXVALUE
    CACHE 1
);


--
-- TOC entry 231 (class 1259 OID 16560)
-- Name: user; Type: TABLE; Schema: public; Owner: -
--

CREATE TABLE public."user" (
    id bigint NOT NULL,
    role_id bigint CONSTRAINT user_role_not_null NOT NULL,
    full_name character varying CONSTRAINT user_name_not_null NOT NULL,
    username character varying NOT NULL,
    password character varying NOT NULL
);


--
-- TOC entry 230 (class 1259 OID 16559)
-- Name: user_id_seq; Type: SEQUENCE; Schema: public; Owner: -
--

ALTER TABLE public."user" ALTER COLUMN id ADD GENERATED ALWAYS AS IDENTITY (
    SEQUENCE NAME public.user_id_seq
    START WITH 1
    INCREMENT BY 1
    MINVALUE 0
    NO MAXVALUE
    CACHE 1
);


--
-- TOC entry 5084 (class 0 OID 16550)
-- Dependencies: 229
-- Data for Name: address_catalog; Type: TABLE DATA; Schema: public; Owner: -
--

COPY public.address_catalog (id, full_address) FROM stdin;
1	420151, г. Лесной, ул. Вишневая, 32
2	125061, г. Лесной, ул. Подгорная, 8
3	630370, г. Лесной, ул. Шоссейная, 24
4	400562, г. Лесной, ул. Зеленая, 32
5	614510, г. Лесной, ул. Маяковского, 47
6	410542, г. Лесной, ул. Светлая, 46
7	620839, г. Лесной, ул. Цветочная, 8
8	443890, г. Лесной, ул. Коммунистическая, 1
9	603379, г. Лесной, ул. Спортивная, 46
10	603721, г. Лесной, ул. Гоголя, 41
11	410172, г. Лесной, ул. Северная, 13
12	614611, г. Лесной, ул. Молодежная, 50
13	454311, г.Лесной, ул. Новая, 19
14	660007, г.Лесной, ул. Октябрьская, 19
15	603036, г. Лесной, ул. Садовая, 4
16	394060, г.Лесной, ул. Фрунзе, 43
17	410661, г. Лесной, ул. Школьная, 50
18	625590, г. Лесной, ул. Коммунистическая, 20
19	625683, г. Лесной, ул. 8 Марта
20	450983, г.Лесной, ул. Комсомольская, 26
21	394782, г. Лесной, ул. Чехова, 3
22	603002, г. Лесной, ул. Дзержинского, 28
23	450558, г. Лесной, ул. Набережная, 30
24	344288, г. Лесной, ул. Чехова, 1
25	614164, г.Лесной,  ул. Степная, 30
26	394242, г. Лесной, ул. Коммунистическая, 43
27	660540, г. Лесной, ул. Солнечная, 25
28	125837, г. Лесной, ул. Шоссейная, 40
29	125703, г. Лесной, ул. Партизанская, 49
30	625283, г. Лесной, ул. Победы, 46
31	614753, г. Лесной, ул. Полевая, 35
32	426030, г. Лесной, ул. Маяковского, 44
33	450375, г. Лесной ул. Клубная, 44
34	625560, г. Лесной, ул. Некрасова, 12
35	630201, г. Лесной, ул. Комсомольская, 17
36	190949, г. Лесной, ул. Мичурина, 26
\.


--
-- TOC entry 5082 (class 0 OID 16540)
-- Dependencies: 227
-- Data for Name: category_catalog; Type: TABLE DATA; Schema: public; Owner: -
--

COPY public.category_catalog (id, name) FROM stdin;
1	Мужская обувь
2	Женская обувь
\.


--
-- TOC entry 5080 (class 0 OID 16530)
-- Dependencies: 225
-- Data for Name: manufacturer_catalog; Type: TABLE DATA; Schema: public; Owner: -
--

COPY public.manufacturer_catalog (id, name) FROM stdin;
1	Kari
2	Marco Tozzi
3	Рос
4	Rieker
5	Alessio Nesca
6	CROSBY
\.


--
-- TOC entry 5088 (class 0 OID 16587)
-- Dependencies: 233
-- Data for Name: order; Type: TABLE DATA; Schema: public; Owner: -
--

COPY public."order" (id, order_date, delivery_date, address_id, user_id, receive_code, status_id) FROM stdin;
1	2025-02-27 00:00:00	2025-04-20 00:00:00	1	11	901	2
2	2022-09-28 00:00:00	2025-04-21 00:00:00	11	12	902	2
3	2025-03-21 00:00:00	2025-04-22 00:00:00	2	13	903	2
4	2025-02-20 00:00:00	2025-04-23 00:00:00	11	14	904	2
5	2025-03-17 00:00:00	2025-04-24 00:00:00	2	11	905	2
6	2025-03-01 00:00:00	2025-04-25 00:00:00	15	12	906	2
7	2025-02-28 00:00:00	2025-04-26 00:00:00	3	13	907	2
8	2025-03-31 00:00:00	2025-04-27 00:00:00	19	14	908	1
9	2025-04-02 00:00:00	2025-04-28 00:00:00	5	11	909	1
10	2025-04-03 00:00:00	2025-04-29 00:00:00	19	11	910	1
\.


--
-- TOC entry 5087 (class 0 OID 16573)
-- Dependencies: 232
-- Data for Name: order_product; Type: TABLE DATA; Schema: public; Owner: -
--

COPY public.order_product (id, order_id, product_article, amount) FROM stdin;
3	2	H782T5	1
4	2	G783F5	1
9	5	A112T4	2
10	5	F635R4	2
11	6	H782T5	1
12	6	G783F5	1
13	7	J384T6	10
14	7	D572U8	10
15	8	F572H7	5
16	8	D329H3	4
17	9	B320R5	5
18	9	G432E4	1
19	10	S213E3	5
20	10	E482R4	5
214	4	F572H7	5
215	4	D329H3	4
298	3	J384T6	10
299	3	D572U8	10
430	1	A112T4	2
431	1	F635R4	2
\.


--
-- TOC entry 5074 (class 0 OID 16492)
-- Dependencies: 219
-- Data for Name: product; Type: TABLE DATA; Schema: public; Owner: -
--

COPY public.product (article, name, unit_id, price, provider_id, manufacturer_id, category_id, discount, amount, description) FROM stdin;
S213E3	Полуботинки	1	2156	2	6	1	3	6	407700/01-01 Полуботинки мужские CROSBY
S634B5	Кеды	1	5500	2	6	1	3	0	Кеды Caprice мужские демисезонные, размер 42, цвет черный
K345R4	Полуботинки	1	2100	2	6	1	2	3	407700/01-02 Полуботинки мужские CROSBY
O754F4	Туфли	1	5400	2	4	2	4	18	Туфли женские демисезонные Rieker артикул 55073-68/37
A112T4	Ботинки	1	4990	1	1	2	3	6	Женские Ботинки демисезонные kari
G531F4	Ботинки	1	6600	1	1	2	12	9	Ботинки женские зимние ROMER арт. 893167-01 Черный
J542F5	Тапочки	1	500	1	1	1	13	0	Тапочки мужские Арт.70701-55-67син р.41
B431R5	Ботинки	1	2700	2	4	1	2	5	Мужские кожаные ботинки/мужские ботинки
P764G4	Туфли	1	6800	1	6	2	15	15	Туфли женские, ARGO, размер 38
C436G5	Ботинки	1	10200	1	5	2	15	9	Ботинки женские, ARGO, размер 40
F427R5	Ботинки	1	11800	2	4	2	15	11	Ботинки на молнии с декоративной пряжкой FRAU
N457T5	Полуботинки	1	4600	1	6	2	3	13	Полуботинки Ботинки черные зимние, мех
D364R4	Туфли	1	12400	1	1	2	16	5	Туфли Luiza Belly женские Kate-lazo черные из натуральной замши
S326R5	Тапочки	1	9900	2	6	1	17	15	Мужские кожаные тапочки "Профиль С.Дали" 
L754R4	Полуботинки	1	1700	1	1	2	2	7	Полуботинки kari женские WB2020SS-26, размер 38, цвет: черный
M542T5	Кроссовки	1	2800	2	4	1	18	3	Кроссовки мужские TOFA
D268G5	Туфли	1	4399	2	4	2	3	12	Туфли Rieker женские демисезонные, размер 36, цвет коричневый
T324F5	Сапоги	1	4699	1	6	2	2	5	Сапоги замша Цвет: синий
K358H6	Тапочки	1	599	1	4	1	20	2	Тапочки мужские син р.41
H535R5	Ботинки	1	2300	2	4	2	2	7	Женские Ботинки демисезонные
F635R4	Ботинки	1	3244	2	2	2	2	13	Ботинки Marco Tozzi женские демисезонные, размер 39, цвет бежевый
J384T6	Ботинки	1	3800	2	4	1	2	16	B3430/14 Полуботинки мужские Rieker
G432E4	Туфли	1	2800	1	1	2	3	15	Туфли kari женские TR-YR-413017, размер 37, цвет: черный
B320R5	Туфли	1	4300	1	4	2	2	6	Туфли Rieker женские демисезонные, размер 41, цвет коричневый
D329H3	Полуботинки	1	1890	2	5	2	4	4	Полуботинки Alessio Nesca женские 3-30797-47, размер 37, цвет: бордовый
F572H7	Туфли	1	2700	1	2	2	2	14	Туфли Marco Tozzi женские летние, размер 39, цвет черный
D572U8	Кроссовки	1	4100	2	3	1	3	6	129615-4 Кроссовки мужские
G783F5	Ботинки	1	5900	1	3	1	2	8	Мужские ботинки Рос-Обувь кожаные с натуральным мехом
H782T5	Туфли	1	4499	1	1	1	4	5	Туфли kari мужские классика MYZ21AW-450A, размер 43, цвет: черный
E482R4	Полуботинки	1	1800	1	1	2	2	14	Полуботинки kari женские MYZ20S-149, размер 41, цвет: черный
\.


--
-- TOC entry 5078 (class 0 OID 16520)
-- Dependencies: 223
-- Data for Name: provider_catalog; Type: TABLE DATA; Schema: public; Owner: -
--

COPY public.provider_catalog (id, name) FROM stdin;
1	Kari
2	Обувь для вас
\.


--
-- TOC entry 5092 (class 0 OID 16610)
-- Dependencies: 237
-- Data for Name: role_catalog; Type: TABLE DATA; Schema: public; Owner: -
--

COPY public.role_catalog (id, name) FROM stdin;
1	Гость
2	Авторизированный клиент
3	Менеджер
4	Администратор
\.


--
-- TOC entry 5090 (class 0 OID 16600)
-- Dependencies: 235
-- Data for Name: status_catalog; Type: TABLE DATA; Schema: public; Owner: -
--

COPY public.status_catalog (id, name) FROM stdin;
1	Новый
2	Завершен
\.


--
-- TOC entry 5076 (class 0 OID 16510)
-- Dependencies: 221
-- Data for Name: unit_catalog; Type: TABLE DATA; Schema: public; Owner: -
--

COPY public.unit_catalog (id, name) FROM stdin;
1	шт.
\.


--
-- TOC entry 5086 (class 0 OID 16560)
-- Dependencies: 231
-- Data for Name: user; Type: TABLE DATA; Schema: public; Owner: -
--

COPY public."user" (id, role_id, full_name, username, password) FROM stdin;
7	2	Михайлюк Анна Вячеславовна	5d4zbu@tutanota.com	$2a$12$IydZwVOQ6CiSI9ctqki4BO3Oi8L8BGGvf5TOIlSBlDGGntUxwqhEO
8	2	Ситдикова Елена Анатольевна	ptec8ym@yahoo.com	$2a$12$IydZwVOQ6CiSI9ctqki4BOl8iPN2QqL0SLbIHWA7OUvKDvJUdKEXO
9	2	Ворсин Петр Евгеньевич	1qz4kw@mail.com	$2a$12$IydZwVOQ6CiSI9ctqki4BO818ZIJCxakAPDK9r34FC5BpKfdheNHO
10	2	Старикова Елена Павловна	4np6se@mail.com	$2a$12$IydZwVOQ6CiSI9ctqki4BOyE7Q1yMGvKPD5Whg/ZvZ3QQ27SZ20Hq
4	3	Степанов Михаил Артёмович	1diph5e@tutanota.com	$2a$12$IydZwVOQ6CiSI9ctqki4BOQqM0LzKmyWSacrMyxjfy5JJTYssrd6u
5	3	Ворсин Петр Евгеньевич	tjde7c@yahoo.com	$2a$12$IydZwVOQ6CiSI9ctqki4BOy.GCDP8uXv0HuH/X4bT59yhtUXClNoS
6	3	Старикова Елена Павловна	wpmrc3do@tutanota.com	$2a$12$IydZwVOQ6CiSI9ctqki4BORfyhoL91BYx22pK2FcTX4.zNUIgYtuO
1	4	Никифорова Весения Николаевна	94d5ous@gmail.com	$2a$12$IydZwVOQ6CiSI9ctqki4BOGlLF0IfTtNVuUKROk66hXEQY1FsXDlK
2	4	Сазонов Руслан Германович	uth4iz@mail.com	$2a$12$IydZwVOQ6CiSI9ctqki4BOyekLZyVMAd51iw1ucZTd/HQ.xR3WV8i
3	4	Одинцов Серафим Артёмович	yzls62@outlook.com	$2a$12$IydZwVOQ6CiSI9ctqki4BOgpdwumLLIJ8Crl/Ui7.AhSgfkNoT/ai
11	2	Степанов Михаил Артёмович	njgn16n1@mail.com	$2a$12$IydZwVOQ6CiSI9ctqki4BO4Cwd3GHsAIgHGip7GfU9lHJhEGMkeyS
12	2	Никифорова Весения Николаевна	12olik5m@mail.com	$2a$12$IydZwVOQ6CiSI9ctqki4BOuZpIPQzTO7uE65nfk00CWu1EalRH4X2
13	2	Сазонов Руслан Германович	n1225hnf8@mail.com	$2a$12$IydZwVOQ6CiSI9ctqki4BOwL7dOYVzyVGWvWS1YRHOZbi0QE6Eiou
14	2	Одинцов Серафим Артёмович	jgn1ik2n2@mail.com	$2a$12$IydZwVOQ6CiSI9ctqki4BO8.ZjGQmN3AK.fpgcpNNYysc9VeDNYGi
\.


--
-- TOC entry 5100 (class 0 OID 0)
-- Dependencies: 228
-- Name: address_catalog_id_seq; Type: SEQUENCE SET; Schema: public; Owner: -
--

SELECT pg_catalog.setval('public.address_catalog_id_seq', 36, true);


--
-- TOC entry 5101 (class 0 OID 0)
-- Dependencies: 226
-- Name: category_catalog_id_seq; Type: SEQUENCE SET; Schema: public; Owner: -
--

SELECT pg_catalog.setval('public.category_catalog_id_seq', 2, true);


--
-- TOC entry 5102 (class 0 OID 0)
-- Dependencies: 224
-- Name: manufacturer_catalog_id_seq; Type: SEQUENCE SET; Schema: public; Owner: -
--

SELECT pg_catalog.setval('public.manufacturer_catalog_id_seq', 6, true);


--
-- TOC entry 5103 (class 0 OID 0)
-- Dependencies: 239
-- Name: order_id_seq; Type: SEQUENCE SET; Schema: public; Owner: -
--

SELECT pg_catalog.setval('public.order_id_seq', 191, true);


--
-- TOC entry 5104 (class 0 OID 0)
-- Dependencies: 238
-- Name: order_product_id_seq; Type: SEQUENCE SET; Schema: public; Owner: -
--

SELECT pg_catalog.setval('public.order_product_id_seq', 461, true);


--
-- TOC entry 5105 (class 0 OID 0)
-- Dependencies: 222
-- Name: provider_catalog_id_seq; Type: SEQUENCE SET; Schema: public; Owner: -
--

SELECT pg_catalog.setval('public.provider_catalog_id_seq', 2, true);


--
-- TOC entry 5106 (class 0 OID 0)
-- Dependencies: 236
-- Name: role_catalog_id_seq; Type: SEQUENCE SET; Schema: public; Owner: -
--

SELECT pg_catalog.setval('public.role_catalog_id_seq', 4, true);


--
-- TOC entry 5107 (class 0 OID 0)
-- Dependencies: 234
-- Name: status_catalog_id_seq; Type: SEQUENCE SET; Schema: public; Owner: -
--

SELECT pg_catalog.setval('public.status_catalog_id_seq', 2, true);


--
-- TOC entry 5108 (class 0 OID 0)
-- Dependencies: 220
-- Name: unit_catalog_id_seq; Type: SEQUENCE SET; Schema: public; Owner: -
--

SELECT pg_catalog.setval('public.unit_catalog_id_seq', 1, true);


--
-- TOC entry 5109 (class 0 OID 0)
-- Dependencies: 230
-- Name: user_id_seq; Type: SEQUENCE SET; Schema: public; Owner: -
--

SELECT pg_catalog.setval('public.user_id_seq', 14, true);


--
-- TOC entry 4916 (class 2606 OID 16558)
-- Name: address_catalog address_catalog_pkey; Type: CONSTRAINT; Schema: public; Owner: -
--

ALTER TABLE ONLY public.address_catalog
    ADD CONSTRAINT address_catalog_pkey PRIMARY KEY (id);


--
-- TOC entry 4914 (class 2606 OID 16548)
-- Name: category_catalog category_catalog_pkey; Type: CONSTRAINT; Schema: public; Owner: -
--

ALTER TABLE ONLY public.category_catalog
    ADD CONSTRAINT category_catalog_pkey PRIMARY KEY (id);


--
-- TOC entry 4912 (class 2606 OID 16538)
-- Name: manufacturer_catalog manufacturer_catalog_pkey; Type: CONSTRAINT; Schema: public; Owner: -
--

ALTER TABLE ONLY public.manufacturer_catalog
    ADD CONSTRAINT manufacturer_catalog_pkey PRIMARY KEY (id);


--
-- TOC entry 4922 (class 2606 OID 16598)
-- Name: order order_pkey; Type: CONSTRAINT; Schema: public; Owner: -
--

ALTER TABLE ONLY public."order"
    ADD CONSTRAINT order_pkey PRIMARY KEY (id);


--
-- TOC entry 4920 (class 2606 OID 16583)
-- Name: order_product order_product_pkey; Type: CONSTRAINT; Schema: public; Owner: -
--

ALTER TABLE ONLY public.order_product
    ADD CONSTRAINT order_product_pkey PRIMARY KEY (id);


--
-- TOC entry 4906 (class 2606 OID 16585)
-- Name: product product_pkey; Type: CONSTRAINT; Schema: public; Owner: -
--

ALTER TABLE ONLY public.product
    ADD CONSTRAINT product_pkey PRIMARY KEY (article);


--
-- TOC entry 4910 (class 2606 OID 16528)
-- Name: provider_catalog provider_catalog_pkey; Type: CONSTRAINT; Schema: public; Owner: -
--

ALTER TABLE ONLY public.provider_catalog
    ADD CONSTRAINT provider_catalog_pkey PRIMARY KEY (id);


--
-- TOC entry 4926 (class 2606 OID 16618)
-- Name: role_catalog role_catalog_pkey; Type: CONSTRAINT; Schema: public; Owner: -
--

ALTER TABLE ONLY public.role_catalog
    ADD CONSTRAINT role_catalog_pkey PRIMARY KEY (id);


--
-- TOC entry 4924 (class 2606 OID 16608)
-- Name: status_catalog status_catalog_pkey; Type: CONSTRAINT; Schema: public; Owner: -
--

ALTER TABLE ONLY public.status_catalog
    ADD CONSTRAINT status_catalog_pkey PRIMARY KEY (id);


--
-- TOC entry 4908 (class 2606 OID 16518)
-- Name: unit_catalog unit_catalog_pkey; Type: CONSTRAINT; Schema: public; Owner: -
--

ALTER TABLE ONLY public.unit_catalog
    ADD CONSTRAINT unit_catalog_pkey PRIMARY KEY (id);


--
-- TOC entry 4918 (class 2606 OID 16571)
-- Name: user user_pkey; Type: CONSTRAINT; Schema: public; Owner: -
--

ALTER TABLE ONLY public."user"
    ADD CONSTRAINT user_pkey PRIMARY KEY (id);


-- Completed on 2026-03-09 20:58:18

--
-- PostgreSQL database dump complete
--